acc	name	disorder_content	organism	ncbi_taxon_id	disprot_id	region_id	start	end	term_namespace	term	term_name	ec	ec_name	reference	region_sequence	confidence	obsolete
P17096	High mobility group protein HMG-I/HMG-Y	100.0	Homo sapiens	9606	DP00040	DP00040r004	51	75	Molecular function	GO:0003677	DNA binding	ECO:0006165	nuclear magnetic resonance spectroscopy evidence used in manual assertion	pmid:9253416	VPTPKRPRGRPKGSKNKGAAKTRKT		
P17096	High mobility group protein HMG-I/HMG-Y	100.0	Homo sapiens	9606	DP00040	DP00040r007	80	89	Molecular function	GO:0003677	DNA binding	ECO:0006165	nuclear magnetic resonance spectroscopy evidence used in manual assertion	pmid:9253416	GRKPRGRPKK		
P17096	High mobility group protein HMG-I/HMG-Y	100.0	Homo sapiens	9606	DP00040	DP00040r008	80	89	Molecular function	GO:0008301	DNA binding, bending	ECO:0005670	x-ray crystallography evidence used in manual assertion	pmid:22615915	GRKPRGRPKK		
P17096	High mobility group protein HMG-I/HMG-Y	100.0	Homo sapiens	9606	DP00040	DP00040r022	9	75	Molecular function	GO:0003677	DNA binding	ECO:0007719	immunodetection assay evidence used in manual assertion	pmid:11069991	SQPLASKQEKDGTEKRGRGRPRKQPPVSPGTALVGSQKEPSEVPTPKRPRGRPKGSKNKGAAKTRKT		
P17096	High mobility group protein HMG-I/HMG-Y	100.0	Homo sapiens	9606	DP00040	DP00040r023	50	91	Molecular function	GO:0003677	DNA binding	ECO:0007719	immunodetection assay evidence used in manual assertion	pmid:11069991	EVPTPKRPRGRPKGSKNKGAAKTRKTTTTPGRKPRGRPKKLE		
P17096	High mobility group protein HMG-I/HMG-Y	100.0	Homo sapiens	9606	DP00040	DP00040r030	1	107	Molecular function	GO:0003677	DNA binding	ECO:0006067	fluorescence recovery after photobleaching evidence used in manual assertion	pmid:15213251	MSESSSKSSQPLASKQEKDGTEKRGRGRPRKQPPVSPGTALVGSQKEPSEVPTPKRPRGRPKGSKNKGAAKTRKTTTTPGRKPRGRPKKLEKEEEEGISQESSEEEQ		
P17096	High mobility group protein HMG-I/HMG-Y	100.0	Homo sapiens	9606	DP00040	DP00040r037	81	89	Molecular function	GO:0003677	DNA binding	ECO:0005670	x-ray crystallography evidence used in manual assertion	pmid:22615915	RKPRGRPKK		
P70475	Myelin transcription factor 1-like protein	17.1	Rattus norvegicus	10116	DP00049	DP00049r009	487	606	Molecular function	GO:0003677	DNA binding	ECO:0007691	cleavage assay evidence used in manual assertion	pmid:10606515	HVKKPYYDPSRTEKRESKCPTPGCDGTGHVTGLYPHHRSLSGCPHKDRVPPEILAMHENVLKCPTPGCTGRGHVNSNRNSHRSLSGCPIAAAEKLAKAQEKHQSCDVSKSNQASDRVLRP		
P70475	Myelin transcription factor 1-like protein	17.1	Rattus norvegicus	10116	DP00049	DP00049r010	487	606	Molecular function	GO:0003677	DNA binding	ECO:0005631	DNAse footprinting evidence used in manual assertion	pmid:10606515	HVKKPYYDPSRTEKRESKCPTPGCDGTGHVTGLYPHHRSLSGCPHKDRVPPEILAMHENVLKCPTPGCTGRGHVNSNRNSHRSLSGCPIAAAEKLAKAQEKHQSCDVSKSNQASDRVLRP		
P15340	Sperm histone	100.0	Gallus gallus	9031	DP00057	DP00057r007	1	62	Molecular function	GO:0003677	DNA binding	ECO:0007066	static light scattering assay evidence used in manual assertion	pmid:2738040	MARYRRSRTRSRSPRSRRRRRRSGRRRSPRRRRRYGSARRSRRSVGGRRRRYGSRRRRRRRY		
P11387	DNA topoisomerase 1	40.0	Homo sapiens	9606	DP00075	DP00075r014	1	174	Molecular function	GO:0008301	DNA binding, bending	ECO:0007737	DNA detection assay evidence used in manual assertion	pmid:11283003	MSGDHLHNDSQIEADFRLNDSHKHKDKHKDREHRHKEHKKEKDREKSKHSNSEHKDSEKKHKEKEKTKHKDGSSEKHKDKHKDRDKEKRKEEKVRASGDAKIKKEKENGFSSPPQIKDEPEDDGYFVPPKEDIKPLKRPRDEDDADYKPKKIKTEDTKKEKKRKLEEEEDGKLK		
P11387	DNA topoisomerase 1	40.0	Homo sapiens	9606	DP00075	DP00075r015	1	174	Molecular function	GO:0003677	DNA binding	ECO:0007737	DNA detection assay evidence used in manual assertion	pmid:11283003	MSGDHLHNDSQIEADFRLNDSHKHKDKHKDREHRHKEHKKEKDREKSKHSNSEHKDSEKKHKEKEKTKHKDGSSEKHKDKHKDRDKEKRKEEKVRASGDAKIKKEKENGFSSPPQIKDEPEDDGYFVPPKEDIKPLKRPRDEDDADYKPKKIKTEDTKKEKKRKLEEEEDGKLK		
P10922	Histone H1.0	15.46	Mus musculus	10090	DP00097	DP00097r026	2	31	Molecular function	GO:0003677	DNA binding	ECO:0006228	Fourier-transform infrared spectroscopy evidence used in manual assertion	pmid:11584004	TENSTSAPAAKPKRAKASKKSTDHPKYSDM		
Q06787	Synaptic functional regulator FMR1	52.37	Homo sapiens	9606	DP00134	DP00134r003	281	422	Molecular function	GO:0003677	DNA binding	ECO:0006165	nuclear magnetic resonance spectroscopy evidence used in manual assertion	pmid:10496225	FAEDVIQVPRNLVGKVIGKNGKLIQEIVDKSGVVRVRIEAENEKNVPQEEEIMPPNSLPSNNSRVGPNAPEEKKHLDIKENSTHFSQPNSTKVQRVLVASSVVAGESQKPELKAWQGMVPFVFVGTKDSIANATVLLDYHLN		
Q06787	Synaptic functional regulator FMR1	52.37	Homo sapiens	9606	DP00134	DP00134r006	516	632	Molecular function	GO:0003677	DNA binding	ECO:0006165	nuclear magnetic resonance spectroscopy evidence used in manual assertion	pmid:10496225	APTEEERESFLRRGDGRRRGGGGRGQGGRGRGGGFKGNDDHSRTDNRPRNPREAKGRTTDGSLQIRVDCNNERSVHTKTLQNTSSEGSRLRTGKDRNQKKEKPDSVDGQQPLVNGVP		
P15865	Histone H1.4	100.0	Rattus norvegicus	10116	DP00136	DP00136r020	1	219	Molecular function	GO:0003677	DNA binding	ECO:0006204	far-UV circular dichroism evidence used in manual assertion	pmid:9109385	MSETAPAAPAAPAPAEKTPIKKKARKAAGGAKRKASGPPVSELITKAVAASKERSGVSLAALKKALAAAGYDVEKNNSRIKLGLKSLVSKGTLVQTKGTGASGSFKLNKKAASGEAKPKAKKAGAAKAKKPAGAAKKPKKATGTATPKKSTKKTPKKAKKPAAAAGAKKAKSPKKAKATKAKKAPKSPAKARAVKPKAAKPKTSKPKAAKPKKTAAKKK		
P0A7S3	30S ribosomal protein S12	21.77	Escherichia coli (strain K12)	83333	DP00145	DP00145r005	1	27	Molecular function	GO:0003677	DNA binding	ECO:0006325	viscosity measurement evidence used in manual assertion	pmid:24442609	MATVNQLVRKPRARKVAKSNVPALEAC		
P21513	Ribonuclease E	53.16	Escherichia coli (strain K12)	83333	DP00207	DP00207r003	628	843	Molecular function	GO:0003677	DNA binding	ECO:0006204	far-UV circular dichroism evidence used in manual assertion	pmid:15236960	ERTEGSDNREENRRNRRQAQQQTAETRESRQQAEVTEKARTADEQQAPRRERSRRRNDDKRQAQQEAKALNVEEQSVQETEQEERVRPVQPRRKQRQLNQKVRYEQSVAEEAVVAPVVEETVAAEPIVQEAPAPRTELVKVPLPVVAQTAPEQQEENNADNRDNGGMPRRSRRSPRHLRVSGQRRRRYRDERYPTQSPMPLTVACASPELASGKVW		
P21513	Ribonuclease E	53.16	Escherichia coli (strain K12)	83333	DP00207	DP00207r006	628	843	Molecular function	GO:0003677	DNA binding	ECO:0007680	chromatography evidence used in manual assertion	pmid:15236960	ERTEGSDNREENRRNRRQAQQQTAETRESRQQAEVTEKARTADEQQAPRRERSRRRNDDKRQAQQEAKALNVEEQSVQETEQEERVRPVQPRRKQRQLNQKVRYEQSVAEEAVVAPVVEETVAAEPIVQEAPAPRTELVKVPLPVVAQTAPEQQEENNADNRDNGGMPRRSRRSPRHLRVSGQRRRRYRDERYPTQSPMPLTVACASPELASGKVW		
P21513	Ribonuclease E	53.16	Escherichia coli (strain K12)	83333	DP00207	DP00207r008	498	1061	Molecular function	GO:0003677	DNA binding	ECO:0007689	sodium dodecyl sulfate polyacrylamide gel electrophoresis evidence used in manual assertion	pmid:15236960	LSYMLPKLHEEAMALPSEEEFAERKRPEQPALATFAMPDVPPAPTPAEPAAPVVAPAPKAAPATPAAPAQPGLLSRFFGALKALFSGGEETKPTEQPAPKAEAKPERQQDRRKPRQNNRRDRNERRDTRSERTEGSDNREENRRNRRQAQQQTAETRESRQQAEVTEKARTADEQQAPRRERSRRRNDDKRQAQQEAKALNVEEQSVQETEQEERVRPVQPRRKQRQLNQKVRYEQSVAEEAVVAPVVEETVAAEPIVQEAPAPRTELVKVPLPVVAQTAPEQQEENNADNRDNGGMPRRSRRSPRHLRVSGQRRRRYRDERYPTQSPMPLTVACASPELASGKVWIRYPIVRPQDVQVEEQREQEEVHVQPMVTEVPVAAAIEPVVSAPVVEEVAGVVEAPVQVAEPQPEVVETTHPEVIAAAVTEQPQVITESDVAVAQEVAEQAEPVVEPQEETADIEEVVETAEVVVAEPEVVAQPAAPVVAEVAAEVETVAAVEPEVTVEHNHATAPMTRAPAPEYVPEAPRHSDWQRPTFAFEGKGAAGGHTATHHASAAPARPQPVE		
P05455	Lupus La protein	20.34	Homo sapiens	9606	DP00229	DP00229r003	326	408	Molecular function	GO:0003677	DNA binding	ECO:0006165	nuclear magnetic resonance spectroscopy evidence used in manual assertion	pmid:12842046	LNKWKSKGRRFKGKGKGNKAAQPGSGKGKVQFQGKKTKFASDDEHDEHDENGATGPVKRAREETDKEEPASKQQKTENGAGDQ		
P05455	Lupus La protein	20.34	Homo sapiens	9606	DP00229	DP00229r006	326	408	Molecular function	GO:0003677	DNA binding	ECO:0007691	cleavage assay evidence used in manual assertion	pmid:12842046	LNKWKSKGRRFKGKGKGNKAAQPGSGKGKVQFQGKKTKFASDDEHDEHDENGATGPVKRAREETDKEEPASKQQKTENGAGDQ		
P38398	Breast cancer type 1 susceptibility protein	83.2	Homo sapiens	9606	DP00238	DP00238r011	498	663	Molecular function	GO:0003677	DNA binding	ECO:0001807	electrophoretic mobility shift assay evidence used in manual assertion	pmid:15571721	LTNKLKRKRRPTSGLHPEDFIKKADLAVQKTPEMINQGTNQTEQNGQVMNITNSGHENKTKGDSIQNEKNPNPIESLEKESAFKTKAEPISSSISNMELELNIHNSKAPKKNRLRRKSSTRHIHALELVVSRNLSPPNCTELQIDSCSSSEEIKKKKYNQMPVRHS		
P38398	Breast cancer type 1 susceptibility protein	83.2	Homo sapiens	9606	DP00238	DP00238r012	936	1057	Molecular function	GO:0003677	DNA binding	ECO:0001807	electrophoretic mobility shift assay evidence used in manual assertion	pmid:15571721	DKPVDNAKCSIKGGSRFCLSSQFRGNETGLITPNKHGLLQNPYRIPPLFPIKSFVKTKCKKNLLEENFEEHSMSPEREMGNENIPSTVSTISRNNIRENVFKEASSSNINEVGSSTNEVGSS		
Q06253	Antitoxin phd	100.0	Escherichia phage P1	10678	DP00288	DP00288r033	1	73	Molecular function	GO:0003677	DNA binding	ECO:0006232	differential scanning calorimetry evidence used in manual assertion	pmid:20603017	MQSINFRTARGNLSEVLNNVEAGEEVEITRRGREPAVIVSKATFEAYKKAALDAEFASLFDTLDSTNKELVNR		
Q06253	Antitoxin phd	100.0	Escherichia phage P1	10678	DP00288	DP00288r035	1	73	Molecular function	GO:0003677	DNA binding	ECO:0005647	isothermal titration calorimetry evidence used in manual assertion	pmid:20603017	MQSINFRTARGNLSEVLNNVEAGEEVEITRRGREPAVIVSKATFEAYKKAALDAEFASLFDTLDSTNKELVNR		
Q06253	Antitoxin phd	100.0	Escherichia phage P1	10678	DP00288	DP00288r042	1	73	Molecular function	GO:0003677	DNA binding	ECO:0001807	electrophoretic mobility shift assay evidence used in manual assertion	pmid:20603017	MQSINFRTARGNLSEVLNNVEAGEEVEITRRGREPAVIVSKATFEAYKKAALDAEFASLFDTLDSTNKELVNR		
P09651	Heterogeneous nuclear ribonucleoprotein A1	29.84	Homo sapiens	9606	DP00324	DP00324r011	92	102	Molecular function	GO:0003677	DNA binding	ECO:0005670	x-ray crystallography evidence used in manual assertion	pmid:10323862	REDSQRPGAHL		
P09651	Heterogeneous nuclear ribonucleoprotein A1	29.84	Homo sapiens	9606	DP00324	DP00324r014	183	190	Molecular function	GO:0003677	DNA binding	ECO:0005670	x-ray crystallography evidence used in manual assertion	pmid:10323862	KQEMASAS		
P25814	Ribonuclease P protein component	100.0	Bacillus subtilis (strain 168)	224308	DP00387	DP00387r004	1	116	Molecular function	GO:0003677	DNA binding	ECO:0006165	nuclear magnetic resonance spectroscopy evidence used in manual assertion	pmid:11258888	MKKRNRLKKNEDFQKVFKHGTSVANRQFVLYTLDQPENDELRVGLSVSKKIGNAVMRNRIKRLIRQAFLEEKERLKEKDYIIIARKPASQLTYEETKKSLQHLFRKSSLYKKSSSK		
P25814	Ribonuclease P protein component	100.0	Bacillus subtilis (strain 168)	224308	DP00387	DP00387r008	1	116	Molecular function	GO:0003677	DNA binding	ECO:0006204	far-UV circular dichroism evidence used in manual assertion	pmid:11258888	MKKRNRLKKNEDFQKVFKHGTSVANRQFVLYTLDQPENDELRVGLSVSKKIGNAVMRNRIKRLIRQAFLEEKERLKEKDYIIIARKPASQLTYEETKKSLQHLFRKSSLYKKSSSK		
P25814	Ribonuclease P protein component	100.0	Bacillus subtilis (strain 168)	224308	DP00387	DP00387r012	1	116	Molecular function	GO:0003677	DNA binding	ECO:0006206	near-UV circular dichroism evidence used in manual assertion	pmid:11258888	MKKRNRLKKNEDFQKVFKHGTSVANRQFVLYTLDQPENDELRVGLSVSKKIGNAVMRNRIKRLIRQAFLEEKERLKEKDYIIIARKPASQLTYEETKKSLQHLFRKSSLYKKSSSK		
P25814	Ribonuclease P protein component	100.0	Bacillus subtilis (strain 168)	224308	DP00387	DP00387r014	1	116	Molecular function	GO:0003677	DNA binding	ECO:0006220	X-ray crystallography-based structural model with missing residue coordinates used in manual assertion	pmid:24364358	MKKRNRLKKNEDFQKVFKHGTSVANRQFVLYTLDQPENDELRVGLSVSKKIGNAVMRNRIKRLIRQAFLEEKERLKEKDYIIIARKPASQLTYEETKKSLQHLFRKSSLYKKSSSK		
P25814	Ribonuclease P protein component	100.0	Bacillus subtilis (strain 168)	224308	DP00387	DP00387r016	1	116	Molecular function	GO:0003677	DNA binding	ECO:0006220	X-ray crystallography-based structural model with missing residue coordinates used in manual assertion	pmid:9563955	MKKRNRLKKNEDFQKVFKHGTSVANRQFVLYTLDQPENDELRVGLSVSKKIGNAVMRNRIKRLIRQAFLEEKERLKEKDYIIIARKPASQLTYEETKKSLQHLFRKSSLYKKSSSK		
P52298	Nuclear cap-binding protein subunit 2	46.79	Homo sapiens	9606	DP00393	DP00393r004	22	37	Molecular function	GO:0003677	DNA binding	ECO:0006220	X-ray crystallography-based structural model with missing residue coordinates used in manual assertion	pmid:11545740	DQHFRGDNEEQEKLLK		
Q96T21	Selenocysteine insertion sequence-binding protein 2	79.51	Homo sapiens	9606	DP00420	DP00420r003	1	600	Molecular function	GO:0003677	DNA binding	ECO:0006165	nuclear magnetic resonance spectroscopy evidence used in manual assertion	pmid:19467292	MASEGPREPESEGIKLSADVKPFVPRFAGLNVAWLESSEACVFPSSAATYYPFVQEPPVTEQKIYTEDMAFGASTFPPQYLSSEITLHPYAYSPYTLDSTQNVYSVPGSQYLYNQPSCYRGFQTVKHRNENTCPLPQEMKALFKKKTYDEKKTYDQQKFDSERADGTISSEIKSARGSHHLSIYAENSLKSDGYHKRTDRKSRIIAKNVSTSKPEFEFTTLDFPELQGAENNMSEIQKQPKWGPVHSVSTDISLLREVVKPAAVLSKGEIVVKNNPNESVTANAATNSPSCTRELSWTPMGYVVRQTLSTELSAAPKNVTSMINLKTIASSADPKNVSIPSSEALSSDPSYNKEKHIIHPTQKSKASQGSDLEQNEASRKNKKKKEKSTSKYEVLTVQEPPRIEDAEEFPNLAVASERRDRIETPKFQSKQQPQDNFKNNVKKSQLPVQLDLGGMLTALEKKQHSQHAKQSSKPVVVSVGAVPVLSKECASGERGRRMSQMKTPHNPLDSSAPLMKKGKQREIPKAKKPTSLKKIILKERQERKQRLQENAVSPAFTSDDTQDGESGGDDQFPEQAELSGPEGMDELISTPSVEDKSEEP		
Q96T21	Selenocysteine insertion sequence-binding protein 2	79.51	Homo sapiens	9606	DP00420	DP00420r006	776	854	Molecular function	GO:0003677	DNA binding	ECO:0006165	nuclear magnetic resonance spectroscopy evidence used in manual assertion	pmid:19467292	MLENVQQELVGEPRPQAPPSLPTQGPSCPAEDGPPALKEKEEPHYIEIWKKHLEAYSGCTLELEESLEASTSQMMNLNL		
P11632	Non-histone chromosomal protein 6A	18.28	Saccharomyces cerevisiae (strain ATCC 204508 / S288c)	559292	DP00432	DP00432r003	1	16	Molecular function	GO:0008301	DNA binding, bending	ECO:0006165	nuclear magnetic resonance spectroscopy evidence used in manual assertion	pmid:12381320	MVTPREPKKRTTRKKK		
P56210	50S ribosomal protein L11	12.03	Geobacillus stearothermophilus	1422	DP00512	DP00512r004	79	89	Molecular function	GO:0003677	DNA binding	ECO:0006165	nuclear magnetic resonance spectroscopy evidence used in manual assertion	pmid:9398519	SGSGEPNRNKV		
P56210	50S ribosomal protein L11	12.03	Geobacillus stearothermophilus	1422	DP00512	DP00512r007	76	91	Molecular function	GO:0003677	DNA binding	ECO:0006165	nuclear magnetic resonance spectroscopy evidence used in manual assertion	pmid:8989327	GIESGSGEPNRNKVAT		
Q9VPU8	KRR1 small subunit processome component homolog	100.0	Drosophila melanogaster	7227	DP00540	DP00540r002	1	345	Molecular function	GO:0003677	DNA binding	ECO:0006204	far-UV circular dichroism evidence used in manual assertion	pmid:16542639	MSESEAEETKISTEPVDNAWSMKIPAFRQEDNPHGMVEESSFATLFPKYRERYLKEVWPLVEQCLAEHHLKAELDLMEGSMVVKTSRKTWDPYIIIKARDMIKLMARSVPFEQAKRVLQDDIGCDIIKIGNLVHKKEKFVKRRQRLIGPNGATLKSIELLTDCYVLVQGNTVSALGPYKGLQQVRDIVLETMNNVHPIYNIKALMIKRELMKDPRLANEDWSRFLPKFKNKNISKRKQPKVKKQKKEYTPFPPSQPESKVDKQLASGEYFLNQEQKQAKRNQERTEKQKEAAKRQDERRNKDFVPPTEESAASSRKKEDGSSSSKVDVKALKAKLIKANKKARSS		
Q9VPU8	KRR1 small subunit processome component homolog	100.0	Drosophila melanogaster	7227	DP00540	DP00540r004	1	345	Molecular function	GO:0003677	DNA binding	ECO:0007691	cleavage assay evidence used in manual assertion	pmid:16542639	MSESEAEETKISTEPVDNAWSMKIPAFRQEDNPHGMVEESSFATLFPKYRERYLKEVWPLVEQCLAEHHLKAELDLMEGSMVVKTSRKTWDPYIIIKARDMIKLMARSVPFEQAKRVLQDDIGCDIIKIGNLVHKKEKFVKRRQRLIGPNGATLKSIELLTDCYVLVQGNTVSALGPYKGLQQVRDIVLETMNNVHPIYNIKALMIKRELMKDPRLANEDWSRFLPKFKNKNISKRKQPKVKKQKKEYTPFPPSQPESKVDKQLASGEYFLNQEQKQAKRNQERTEKQKEAAKRQDERRNKDFVPPTEESAASSRKKEDGSSSSKVDVKALKAKLIKANKKARSS		
Q9VPU8	KRR1 small subunit processome component homolog	100.0	Drosophila melanogaster	7227	DP00540	DP00540r006	1	345	Molecular function	GO:0003677	DNA binding	ECO:0001249	fluorescence evidence used in manual assertion	pmid:16542639	MSESEAEETKISTEPVDNAWSMKIPAFRQEDNPHGMVEESSFATLFPKYRERYLKEVWPLVEQCLAEHHLKAELDLMEGSMVVKTSRKTWDPYIIIKARDMIKLMARSVPFEQAKRVLQDDIGCDIIKIGNLVHKKEKFVKRRQRLIGPNGATLKSIELLTDCYVLVQGNTVSALGPYKGLQQVRDIVLETMNNVHPIYNIKALMIKRELMKDPRLANEDWSRFLPKFKNKNISKRKQPKVKKQKKEYTPFPPSQPESKVDKQLASGEYFLNQEQKQAKRNQERTEKQKEAAKRQDERRNKDFVPPTEESAASSRKKEDGSSSSKVDVKALKAKLIKANKKARSS		
Q9VPU8	KRR1 small subunit processome component homolog	100.0	Drosophila melanogaster	7227	DP00540	DP00540r008	1	345	Molecular function	GO:0003677	DNA binding	ECO:0006275	analytical ultracentrifugation evidence used in manual assertion	pmid:16542639	MSESEAEETKISTEPVDNAWSMKIPAFRQEDNPHGMVEESSFATLFPKYRERYLKEVWPLVEQCLAEHHLKAELDLMEGSMVVKTSRKTWDPYIIIKARDMIKLMARSVPFEQAKRVLQDDIGCDIIKIGNLVHKKEKFVKRRQRLIGPNGATLKSIELLTDCYVLVQGNTVSALGPYKGLQQVRDIVLETMNNVHPIYNIKALMIKRELMKDPRLANEDWSRFLPKFKNKNISKRKQPKVKKQKKEYTPFPPSQPESKVDKQLASGEYFLNQEQKQAKRNQERTEKQKEAAKRQDERRNKDFVPPTEESAASSRKKEDGSSSSKVDVKALKAKLIKANKKARSS		
Q9VPU8	KRR1 small subunit processome component homolog	100.0	Drosophila melanogaster	7227	DP00540	DP00540r010	1	345	Molecular function	GO:0003677	DNA binding	ECO:0007680	chromatography evidence used in manual assertion	pmid:16542639	MSESEAEETKISTEPVDNAWSMKIPAFRQEDNPHGMVEESSFATLFPKYRERYLKEVWPLVEQCLAEHHLKAELDLMEGSMVVKTSRKTWDPYIIIKARDMIKLMARSVPFEQAKRVLQDDIGCDIIKIGNLVHKKEKFVKRRQRLIGPNGATLKSIELLTDCYVLVQGNTVSALGPYKGLQQVRDIVLETMNNVHPIYNIKALMIKRELMKDPRLANEDWSRFLPKFKNKNISKRKQPKVKKQKKEYTPFPPSQPESKVDKQLASGEYFLNQEQKQAKRNQERTEKQKEAAKRQDERRNKDFVPPTEESAASSRKKEDGSSSSKVDVKALKAKLIKANKKARSS		
P60723	50S ribosomal protein L4	31.34	Escherichia coli (strain K12)	83333	DP00600	DP00600r003	45	103	Molecular function	GO:0003677	DNA binding	ECO:0006220	X-ray crystallography-based structural model with missing residue coordinates used in manual assertion	pmid:19399222	AQKTRAEVTGSGKKPWRQKGTGRARSGSIKSPIWRSGGVTFAARPQDHSQKVNKKMYRG		
P60723	50S ribosomal protein L4	31.34	Escherichia coli (strain K12)	83333	DP00600	DP00600r006	41	96	Molecular function	GO:0003677	DNA binding	ECO:0006204	far-UV circular dichroism evidence used in manual assertion	pmid:1618378	QGTRAQKTRAEVTGSGKKPWRQKGTGRARSGSIKSPIWRSGGVTFAARPQDHSQKV		
P06935	Genome polyprotein	1.46	West Nile virus	11082	DP00673	DP00673r015	1	24	Molecular function	GO:0003677	DNA binding	ECO:0001807	electrophoretic mobility shift assay evidence used in manual assertion	pmid:18033802	MSKKPGGPGKNRAVNMLKRGMPRG		
P06935	Genome polyprotein	1.46	West Nile virus	11082	DP00673	DP00673r016	80	105	Molecular function	GO:0003677	DNA binding	ECO:0001807	electrophoretic mobility shift assay evidence used in manual assertion	pmid:18033802	HLLSFKKELGTLTSAINRRSTKQKKR		
Q69422	Genome polyprotein	5.38	Hepatitis GB virus B	39113	DP00674	DP00674r009	2	155	Molecular function	GO:0003677	DNA binding	ECO:0001807	electrophoretic mobility shift assay evidence used in manual assertion	pmid:18033802	PVISTQTSPVPAPRTRKNKQTQASYPVSIKTSVERGQRAKRKVQRDARPRNYKIAGIHDGLQTLAQAALPAHGWGRQDPRHKSRNLGILLDYPLGWIGDVTTHTPLVGPLVAGAVVRPVCQIVRLLEDGVNWATGWFGVHLFVVCLLSLACPCS		
Q69422	Genome polyprotein	5.38	Hepatitis GB virus B	39113	DP00674	DP00674r010	2	155	Molecular function	GO:0008301	DNA binding, bending	ECO:0001807	electrophoretic mobility shift assay evidence used in manual assertion	pmid:18033802	PVISTQTSPVPAPRTRKNKQTQASYPVSIKTSVERGQRAKRKVQRDARPRNYKIAGIHDGLQTLAQAALPAHGWGRQDPRHKSRNLGILLDYPLGWIGDVTTHTPLVGPLVAGAVVRPVCQIVRLLEDGVNWATGWFGVHLFVVCLLSLACPCS		
P19711	Genome polyprotein	2.56	Bovine viral diarrhea virus (isolate NADL)	11100	DP00675	DP00675r009	170	260	Molecular function	GO:0003677	DNA binding	ECO:0001807	electrophoretic mobility shift assay evidence used in manual assertion	pmid:18033802	DTKEEGATKKKTQKPDRLERGKMKIVPKESEKDSKTKPPDATIVVEGVKYQVRKKGKTKSKNTQDGLYHNKNKPQESRKKLEKALLAWAII		
E6PBU9	40S ribosomal protein rpS31e	37.57	Tetrahymena thermophila	5911	DP00752	DP00752r003	1	71	Molecular function	GO:0003677	DNA binding	ECO:0006165	nuclear magnetic resonance spectroscopy evidence used in manual assertion	pmid:21205638	MQVQVKTLEGETKIYTLEQGTSVLDLKSQISQDMGFEIDMMTLVNNGFIAPNTELVTDDVTYYLSLKLLGG		
P27782	Lymphoid enhancer-binding factor 1	7.05	Mus musculus	10090	DP00767	DP00767r002	361	370	Molecular function	GO:0008301	DNA binding, bending	ECO:0006165	nuclear magnetic resonance spectroscopy evidence used in manual assertion	pmid:15236581	YPGWSARDNY		
P27782	Lymphoid enhancer-binding factor 1	7.05	Mus musculus	10090	DP00767	DP00767r006	302	319	Molecular function	GO:0008301	DNA binding, bending	ECO:0006165	nuclear magnetic resonance spectroscopy evidence used in manual assertion	pmid:15236581	NAFMLYMKEMRANVVAEC		
N1NXA6	SAGA-associated factor 11	36.36	Saccharomyces cerevisiae (strain CEN.PK113-7D)	889517	DP00823	DP00823r002	64	99	Molecular function	GO:0008301	DNA binding, bending	ECO:0006220	X-ray crystallography-based structural model with missing residue coordinates used in manual assertion	pmid:25526805	QQESSQYIHCENCGRDVSANRLAAHLQRCLSRGARR		
Q04660	Ribosome biogenesis protein ERB1	4.46	Saccharomyces cerevisiae (strain ATCC 204508 / S288c)	559292	DP00900	DP00900r003	535	570	Molecular function	GO:0003677	DNA binding	ECO:0006220	X-ray crystallography-based structural model with missing residue coordinates used in manual assertion	pmid:25880847	GYDTFGTVKKSNLEVNENGDGDEDGENESAKNAVKK		
P35926	Recombination enhancement function protein	40.86	Escherichia phage P1	10678	DP00932	DP00932r004	1	76	Molecular function	GO:0003677	DNA binding	ECO:0001807	electrophoretic mobility shift assay evidence used in manual assertion	pmid:21193392	MKTIEQKIEQCRKWQKAARERAIARQREKLADPVWRESQYQKMRDTLDRRIAKQKERPPASKTRKSAVKIKSRGLK		
P59595	Nucleoprotein	42.89	Human SARS coronavirus	694009	DP00948	DP00948r018	248	259	Molecular function	GO:0003677	DNA binding	ECO:0006165	nuclear magnetic resonance spectroscopy evidence used in manual assertion	pmid:18561946	TKKSAAEASKKP		
P59595	Nucleoprotein	42.89	Human SARS coronavirus	694009	DP00948	DP00948r041	366	382	Molecular function	GO:0003697	single-stranded DNA binding	ECO:0001807	electrophoretic mobility shift assay evidence used in manual assertion	pmid:17002283	PTEPKKDKKKKTDEAQP		
C0J347	SBDS-like protein	43.32	Trypanosoma cruzi	5693	DP00957	DP00957r003	264	464	Molecular function	GO:0003677	DNA binding	ECO:0006204	far-UV circular dichroism evidence used in manual assertion	pmid:19121363	MDAELIARANAHMTGASGVGNADKSHCTGSSSNPHAESNRGRRKGKGGSRKPQGVQRVLGKDDGTDQQTVTTAELSSTPAVVGENDDELKVALSKLVLDETNGSRDEDYDGKGRRGKKKAKRRQGEPHQKQQQQPATPQKTVEVDEQQGSDEEVLVNRKQRKQAAARVRVKDDKRNEYWNDADDDDYDYGYEDEDAGEVRD		
C0J347	SBDS-like protein	43.32	Trypanosoma cruzi	5693	DP00957	DP00957r006	264	464	Molecular function	GO:0003677	DNA binding	ECO:0006165	nuclear magnetic resonance spectroscopy evidence used in manual assertion	pmid:19121363	MDAELIARANAHMTGASGVGNADKSHCTGSSSNPHAESNRGRRKGKGGSRKPQGVQRVLGKDDGTDQQTVTTAELSSTPAVVGENDDELKVALSKLVLDETNGSRDEDYDGKGRRGKKKAKRRQGEPHQKQQQQPATPQKTVEVDEQQGSDEEVLVNRKQRKQAAARVRVKDDKRNEYWNDADDDDYDYGYEDEDAGEVRD		
C0J347	SBDS-like protein	43.32	Trypanosoma cruzi	5693	DP00957	DP00957r009	264	464	Molecular function	GO:0003677	DNA binding	ECO:0007691	cleavage assay evidence used in manual assertion	pmid:19121363	MDAELIARANAHMTGASGVGNADKSHCTGSSSNPHAESNRGRRKGKGGSRKPQGVQRVLGKDDGTDQQTVTTAELSSTPAVVGENDDELKVALSKLVLDETNGSRDEDYDGKGRRGKKKAKRRQGEPHQKQQQQPATPQKTVEVDEQQGSDEEVLVNRKQRKQAAARVRVKDDKRNEYWNDADDDDYDYGYEDEDAGEVRD		
P0A6X3	RNA-binding protein Hfq	27.45	Escherichia coli (strain K12)	83333	DP01050	DP01050r005	75	102	Molecular function	GO:0003677	DNA binding	ECO:0006202	synchrotron radiation circular dichroism evidence used in manual assertion	pmid:21330354	AGGGTSSNYHHGSSAQNTSAQQDSEETE		
Q8MWS6	DNA repair enzyme	13.09	Toxoplasma gondii	5811	DP01052	DP01052r003	283	343	Molecular function	GO:0003677	DNA binding	ECO:0006204	far-UV circular dichroism evidence used in manual assertion	pmid:16605254	PAPPVLPSYIDPAKKSFAARMMEKMGWKHGEGLGVNKQGITAPLVAKKTAMSSGVIVQGAE		
Q1PAB4	Protein Tat	100.0	Human immunodeficiency virus 1	11676	DP01087	DP01087r004	1	101	Molecular function	GO:0003677	DNA binding	ECO:0006204	far-UV circular dichroism evidence used in manual assertion	pmid:20034112	MEPVDPRLEPWKHPGSQPRTACTNCYCKKCCFHCQVCFIRKALGISYGRKKRRQRRRAPQDSETHQVSPPKQPASQPRGDPTGPKESKKKVERETETHPVN		
Q13148	TAR DNA-binding protein 43	36.71	Homo sapiens	9606	DP01108	DP01108r021	263	414	Molecular function	GO:0003677	DNA binding	ECO:0006204	far-UV circular dichroism evidence used in manual assertion	pmid:26735904	KHNSNRQLERSGRFGGNPGGFGNQGGFGNSRGGGAGLGNNQGSNMGGGMNFGAFSINPAMMAAAQAALQSSWGMMGMLASQQNQSGPSGNNQNQGNMQREPNQAFGSGNNSYSGSNSGAAIGWGSASNAGSGSGFNGGFGSSMDSKSSGWGM		
Q13148	TAR DNA-binding protein 43	36.71	Homo sapiens	9606	DP01108	DP01108r022	263	414	Molecular function	GO:0003677	DNA binding	ECO:0006165	nuclear magnetic resonance spectroscopy evidence used in manual assertion	pmid:26735904	KHNSNRQLERSGRFGGNPGGFGNQGGFGNSRGGGAGLGNNQGSNMGGGMNFGAFSINPAMMAAAQAALQSSWGMMGMLASQQNQSGPSGNNQNQGNMQREPNQAFGSGNNSYSGSNSGAAIGWGSASNAGSGSGFNGGFGSSMDSKSSGWGM		
P0AE72	Antitoxin MazE	42.68	Escherichia coli (strain K12)	83333	DP01291	DP01291r012	51	82	Molecular function	GO:0003677	DNA binding	ECO:0001807	electrophoretic mobility shift assay evidence used in manual assertion	pmid:25564525	PVFTLAELVNDITPENLHENIDWGEPKDKEVW		
P08392	Major viral transcription factor ICP4	2.47	Human herpesvirus 1 (strain 17)	10299	DP01305	DP01305r004	258	287	Molecular function	GO:0003677	DNA binding	ECO:0006287	electron paramagnetic resonance evidence used in manual assertion	pmid:28505309	PAASAGRIERRRARAAVAGRDATGRFTAGQ		
Q15004	PCNA-associated factor	100.0	Homo sapiens	9606	DP01425	DP01425r012	1	31	Molecular function	GO:0003677	DNA binding	ECO:0006277	fluorescence polarization evidence used in manual assertion	pmid:25762514	MVRTKADSVPGTYRKVVAARAPRKVLGSSTS		
Q15004	PCNA-associated factor	100.0	Homo sapiens	9606	DP01425	DP01425r013	50	77	Molecular function	GO:0003677	DNA binding	ECO:0006277	fluorescence polarization evidence used in manual assertion	pmid:25762514	GNPVCVRPTPKWQKGIGEFFRLSPKDSE		
P44228	Mu-like prophage FluMu protein gp35	37.5	Haemophilus influenzae (strain ATCC 51907 / DSM 11121 / KW20 / Rd)	71421	DP01440	DP01440r002	12	28	Molecular function	GO:0003677	DNA binding	ECO:0006165	nuclear magnetic resonance spectroscopy evidence used in manual assertion	pmid:17400915	RIKEGYRRAGFSFHLGD		
P44228	Mu-like prophage FluMu protein gp35	37.5	Haemophilus influenzae (strain ATCC 51907 / DSM 11121 / KW20 / Rd)	71421	DP01440	DP01440r004	54	84	Molecular function	GO:0003677	DNA binding	ECO:0006165	nuclear magnetic resonance spectroscopy evidence used in manual assertion	pmid:17400915	ETGSQEGGEGLSKEPAGSDEQKQLRADPPST		
Q9SP32	Endoribonuclease Dicer homolog 1	4.19	Arabidopsis thaliana	3702	DP01467	DP01467r003	1732	1811	Molecular function	GO:0003677	DNA binding	ECO:0006165	nuclear magnetic resonance spectroscopy evidence used in manual assertion	pmid:26101256	MHPVRELQERCQQQAEGLEYKASRSGNTATVEVFIDGVQVGVAQNPQKKMAQKLAARNALAALKEKEIAESKEKHINNGN		
J7FTI7	RBP1	43.21	Hordeum vulgare	4513	DP01550	DP01550r003	93	162	Molecular function	GO:0003677	DNA binding	ECO:0006165	nuclear magnetic resonance spectroscopy evidence used in manual assertion	pmid:25495582	GGGGRYGGGGGGGGGRYGGGGAYGQRRDDGYGDDGYGGGRGYGGGRYGGGRGYGGRRDGGYGRGGNSDGY		
P09012	U1 small nuclear ribonucleoprotein A	38.65	Homo sapiens	9606	DP01857	DP01857r002	102	117	Molecular function	GO:0003677	DNA binding	ECO:0006165	nuclear magnetic resonance spectroscopy evidence used in manual assertion	pmid:8609632	VERDRKREKRKPKSQE		
P47047	ATP-dependent RNA helicase DOB1	5.87	Saccharomyces cerevisiae (strain ATCC 204508 / S288c)	559292	DP01867	DP01867r003	361	389	Molecular function	GO:0003677	DNA binding	ECO:0006220	X-ray crystallography-based structural model with missing residue coordinates used in manual assertion	pmid:20512111	SNQIGDDPNSTDSRGKKGQTYKGGSAKGD		
P47047	ATP-dependent RNA helicase DOB1	5.87	Saccharomyces cerevisiae (strain ATCC 204508 / S288c)	559292	DP01867	DP01867r007	699	713	Molecular function	GO:0003677	DNA binding	ECO:0006220	X-ray crystallography-based structural model with missing residue coordinates used in manual assertion	pmid:20512111	AKRINKRNPSAVYTD		
P47047	ATP-dependent RNA helicase DOB1	5.87	Saccharomyces cerevisiae (strain ATCC 204508 / S288c)	559292	DP01867	DP01867r009	943	961	Molecular function	GO:0003677	DNA binding	ECO:0006220	X-ray crystallography-based structural model with missing residue coordinates used in manual assertion	pmid:20512111	FAFQERCKEAPRLKPELAE		
Q96AY2	Crossover junction endonuclease EME1	7.89	Homo sapiens	9606	DP01877	DP01877r004	369	402	Molecular function	GO:0003677	DNA binding	ECO:0006220	X-ray crystallography-based structural model with missing residue coordinates used in manual assertion	pmid:18413719	CFSAQNPPRRGKQGANKQTKKQQQRQPEASIGSM		
P38516	50S ribosomal protein L4	22.55	Thermotoga maritima (strain ATCC 43589 / MSB8 / DSM 3109 / JCM 10099)	243274	DP01961	DP01961r002	43	95	Molecular function	GO:0003677	DNA binding	ECO:0006220	X-ray crystallography-based structural model with missing residue coordinates used in manual assertion	pmid:10698923	NRRAGTASTKTRGEVSGGGRKPWPQKHTGRARHGSIRSPIWRHGGVVHGPKPR		
P32504	Centromere DNA-binding protein complex CBF3 subunit A	52.2	Saccharomyces cerevisiae (strain ATCC 204508 / S288c)	559292	DP02033	DP02033r008	1	956	Molecular function	GO:0003677	DNA binding	ECO:0007688	gel electrophoresis evidence used in manual assertion	pmid:22215672	MRSSILFLLKLMKIMDVQQQQEAMSSEDRFQELVDSLKPRTAHQYKTYYTKYIQWCQLNQIIPTPEDNSVNSVPYKDLPISAELIHWFLLDTLITDDKPGEKREETEDLDEEEENSFKIATLKKIIGSLNFLSKLCKVHENPNANIDTKYLESVTKLHTHWIDSQKAITTNETNNTNTQVLCPPLLKVSLNLWNPETNHLSEKFFKTCSEKLRFLVDFQLRSYLNLSFEERSKIRFGSLKLGKRDRDAIIYHKVTHSAEKKDTPGHHQLLALLPQDCPFICPQTTLAAYLYLRFYGIPSVSKGDGFPNLNADENGSLLQDIPILRGKSLTTYPREETFSNYYTTVFRYCHLPYKRREYFNKCNLVYPTWDEDTFRTFFNEENHGNWLEQPEAFAFPDKIPFDFKKIMNFKSPYTSYSTNAKKDPFPPPKDLLVQIFPEIDEYKRHDYEGLSQNSRDFLDLMEVLRERFLSNLPWIYKFFPNHDIFQDPIFGNSDFQSYFNDKTIHSKGSPILSFDILPGFNKIYKNKTNFYSLLIERPSQLTFASSHNPDTHPTQKQESEGPLQMSQLDTTQLNELLKQQSFEYVQFQTLSNFQILLSVFNKIFEKLEMKKSSRGYILHQLNLFKITLDERIKKSKIDDADKFIRDNQPIKKEENIVNEDGPNTSRRTKRPKQIRLLSIADSSDESSTEDSNVFKKDGESIEDGAYGENEDENDSEMQEQLKSMINELINSKISTFLRDQMDQFELKINALLDKILEEKVTRIIEQKLGSHTGKFSTLKRPQLYMTEEHNVGFDMEVPKKLRTSGKYAETVKDNDDHQAMSTTASPSPEQDQEAKSYTDEQEFMLDKSIDSIEGIILEWFTPNAKYANQCVHSMNKSGNKSWRANCEALYKERKSIVEFYIYLVNHESLDRYKAVDICEKLRDQNEGSFSRLAKFLRKWRHDHQNSFDGLLVYLSN		
Q8TEA8	D-aminoacyl-tRNA deacylase 1	27.75	Homo sapiens	9606	DP02452	DP02452r002	152	209	Molecular function	GO:0003677	DNA binding	ECO:0005670	x-ray crystallography evidence used in manual assertion	pmid:17264083	TATSDPKQLSKLEKQQQRKEKTRAKGPSESSKERNTPRKEDRSASSGAEGDVSSEREP		
Q01080	DNA-directed RNA polymerase I subunit RPA49	72.53	Saccharomyces cerevisiae (strain ATCC 204508 / S288c)	559292	DP02519	DP02519r005	115	415	Molecular function	GO:0003677	DNA binding	ECO:0006208	cryogenic electron microscopy evidence used in manual assertion	pmid:27867008	SKSDTRPSALRNALGEAFGTKKAKKAIADLERNRIDSDKLTDSAIDIVDSVRTASKDLPTRAQLDEITSNDRPTPLANIDATDVEQIYPIESIIPKKELQFIRVSSILKEADKEKKLELFPYQNNSKYVAKKLDSLTQPSQMTKLQLLYYLSLLLGVYENRRVNNKTKLLERLNSPPEILVDGILSRFTVIKPGQFGRSKDRSYFIDPQNEDKILCYILAIIMHLDNFIVEITPLAHELNLKPSKVVSLFRVLGAIVKGATVAQAEAFGIPKSTAASYKIATMKVPFKLPEMTRRGRGPRR		
P0ACN7	HTH-type transcriptional repressor CytR	19.65	Escherichia coli (strain K12)	83333	DP02541	DP02541r003	1	67	Molecular function	GO:0003677	DNA binding	ECO:0006165	nuclear magnetic resonance spectroscopy evidence used in manual assertion	pmid:21688840	MKAKKQETAATMKDVALKAKVSTATVSRALMNPDKVSQATRNRVEKAAREVGYLPQPMGRNVKRNES		
P0ACN7	HTH-type transcriptional repressor CytR	19.65	Escherichia coli (strain K12)	83333	DP02541	DP02541r008	1	67	Molecular function	GO:0003677	DNA binding	ECO:0000269	experimental evidence used in manual assertion	pmid:21688840	MKAKKQETAATMKDVALKAKVSTATVSRALMNPDKVSQATRNRVEKAAREVGYLPQPMGRNVKRNES		
Q9BQ50	Three prime repair exonuclease 2	4.24	Homo sapiens	9606	DP02710	DP02710r002	159	168	Molecular function	GO:0003677	DNA binding	ECO:0006220	X-ray crystallography-based structural model with missing residue coordinates used in manual assertion	pmid:15661738	SHGTRARGRQ		
P83916	Chromobox protein homolog 1	24.32	Homo sapiens	9606	DP02856	DP02856r007	97	109	Molecular function	GO:0003677	DNA binding	ECO:0006165	nuclear magnetic resonance spectroscopy evidence used in manual assertion	pmid:22815475	ESKPKKKKEESEK		
