residue_index	amino_acid	true_label
1	M	0
2	V	0
3	K	0
4	V	0
5	K	0
6	F	0
7	K	0
8	Y	0
9	K	0
10	G	0
11	E	0
12	E	0
13	K	0
14	E	0
15	V	0
16	D	0
17	T	0
18	S	1
19	K	0
20	I	1
21	K	1
22	K	1
23	V	0
24	W	1
25	R	0
26	V	0
27	G	0
28	K	0
29	M	0
30	V	0
31	S	0
32	F	0
33	T	0
34	Y	0
35	D	0
36	D	0
37	N	0
38	G	0
39	K	0
40	T	0
41	G	0
42	R	0
43	G	0
44	A	0
45	V	0
46	S	0
47	E	0
48	K	0
49	D	0
50	A	0
51	P	0
52	K	0
53	E	1
54	L	0
55	L	0
56	D	1
57	M	1
58	L	0
59	A	0
60	R	1
61	A	1
62	E	0
63	R	1
64	E	1
65	K	1
66	K	1
67	G	0
68	V	1
69	L	1
70	K	0
71	K	1
72	L	1
73	R	1
74	A	0
75	V	1
76	E	1
77	N	0
78	E	1
79	L	1
80	H	1
